name,period_ms,period_derivative,dm_pc_cm3,ra_deg,dec_deg,distance_kpc,omega_hz,radius_km,v_surface_c,delta_alpha_over_alpha,error,observation_status
PSR J1748-2446ad,1.396,9.6e-21,235.5,267.0,-24.77,5.5,4500.849073910878,10,0.15013216489625228,,,planned
PSR B1937+21,1.558,1.05e-19,71.0,294.91,21.38,3.6,4032.8532138508253,10,0.13452150333451102,,,planned
PSR J1939+2134,1.607,4.85e-20,58.9,294.91,21.57,3.9,3909.885069806837,10,0.1304197275638881,,,planned
PSR J1748-2446A,1.68,8.3e-21,230.0,267.0,-24.77,5.5,3739.9912542735633,10,0.12475267987807631,,,planned
PSR J0952-0607,1.41,1.7e-20,35.7,148.0,-6.12,1.2,4456.159792325948,10,0.14864149091855897,,,planned
PSR J1311-3430,2.56,2.5e-19,183.0,197.75,-34.5,4.2,2454.3692606170257,10,0.08186894616998756,,,planned
